time,balance
2022-02-01 00:00:00+00:00,5000000.0
2022-02-09 16:00:00+00:00,5000000.0
2022-02-09 20:00:00+00:00,5153461.25856283
2022-02-22 00:00:00+00:00,5153461.25856283
2022-02-22 04:00:00+00:00,5805856.094622096
2022-03-01 00:00:00+00:00,8305856.094622096
2022-03-01 08:00:00+00:00,8305856.094622096
2022-03-01 12:00:00+00:00,8305856.094622096
2022-03-01 16:00:00+00:00,8746705.479547063
2022-03-02 20:00:00+00:00,8746705.479547063
2022-03-03 08:00:00+00:00,8735941.248013549
2022-03-03 12:00:00+00:00,8733664.989893176
2022-03-04 16:00:00+00:00,8520870.515992535
2022-03-10 12:00:00+00:00,8520870.515992535
2022-03-10 16:00:00+00:00,8423836.182054278
2022-03-17 12:00:00+00:00,8423836.182054278
2022-03-17 20:00:00+00:00,8440788.556851296
2022-03-18 08:00:00+00:00,8440788.556851296
2022-03-19 08:00:00+00:00,8725676.08930655
2022-03-23 04:00:00+00:00,8725676.08930655
2022-03-24 04:00:00+00:00,9172806.748277823
2022-03-28 20:00:00+00:00,9172806.748277823
2022-03-29 08:00:00+00:00,9598849.399560025
2022-03-29 16:00:00+00:00,9619907.029991997
2022-03-31 12:00:00+00:00,9619907.029991997
2022-03-31 16:00:00+00:00,9520542.164554136
2022-04-01 00:00:00+00:00,12020542.164554136
2022-04-02 12:00:00+00:00,12020542.164554136
2022-04-02 16:00:00+00:00,11719360.379037356
2022-04-03 00:00:00+00:00,11455379.73371861
2022-04-06 04:00:00+00:00,11455379.73371861
2022-04-06 20:00:00+00:00,11827502.801730674
2022-04-07 08:00:00+00:00,11827502.801730674
2022-04-07 16:00:00+00:00,12340979.751263507
2022-04-08 08:00:00+00:00,12340979.751263507
2022-04-08 20:00:00+00:00,11795568.756042136
2022-04-10 20:00:00+00:00,11795568.756042136
2022-04-11 08:00:00+00:00,11795568.756042136
2022-04-11 12:00:00+00:00,11267984.744118914
2022-04-11 20:00:00+00:00,11267984.744118914
2022-04-13 08:00:00+00:00,11631610.17595088
2022-04-13 20:00:00+00:00,12002133.457902178
2022-04-14 00:00:00+00:00,12002133.457902178
2022-04-14 20:00:00+00:00,12002133.457902178
2022-04-15 00:00:00+00:00,12032686.933359208
2022-04-15 04:00:00+00:00,11875421.17707667
2022-04-16 00:00:00+00:00,12058058.980645284
2022-04-17 16:00:00+00:00,12058058.980645284
2022-04-18 04:00:00+00:00,12481335.599151222
2022-04-21 00:00:00+00:00,12481335.599151222
2022-04-21 08:00:00+00:00,12345255.927653812
2022-04-22 04:00:00+00:00,12345255.927653812
2022-04-22 08:00:00+00:00,12420986.85274645
2022-04-26 00:00:00+00:00,12420986.85274645
2022-04-28 00:00:00+00:00,12263526.21356668
2022-04-30 00:00:00+00:00,12263526.21356668
2022-05-01 00:00:00+00:00,14763526.21356668
2022-05-03 08:00:00+00:00,14801465.705062985
2022-05-05 12:00:00+00:00,14801465.705062985
2022-05-05 16:00:00+00:00,13934832.027136981
2022-05-07 12:00:00+00:00,13842270.407894706
2022-05-24 20:00:00+00:00,13842270.407894706
2022-05-25 00:00:00+00:00,13674642.509449989
2022-06-01 00:00:00+00:00,16174642.509449989
2022-06-01 16:00:00+00:00,16174642.509449989
2022-06-01 20:00:00+00:00,15873716.408059167
2022-06-02 00:00:00+00:00,15873716.408059167
2022-06-04 00:00:00+00:00,15851204.465162424
2022-06-07 20:00:00+00:00,15851204.465162424
2022-06-08 00:00:00+00:00,15188149.385946454
2022-06-10 00:00:00+00:00,15181966.960846297
2022-06-11 20:00:00+00:00,15181966.960846297
2022-06-13 04:00:00+00:00,16416881.474656215
2022-06-27 16:00:00+00:00,16416881.474656215
2022-06-27 20:00:00+00:00,16514009.217301035
2022-07-01 00:00:00+00:00,19014009.217301033
2022-07-05 16:00:00+00:00,19014009.217301033
2022-07-05 20:00:00+00:00,18743340.957338106
2022-07-17 20:00:00+00:00,18743340.957338106
2022-07-18 00:00:00+00:00,19155482.091281533
2022-07-18 04:00:00+00:00,19155482.091281533
2022-07-18 12:00:00+00:00,18357164.84815661
2022-07-18 16:00:00+00:00,18616800.991768263
2022-07-18 20:00:00+00:00,18969353.23025419
2022-07-19 00:00:00+00:00,18969353.23025419
2022-07-19 04:00:00+00:00,18559479.17375917
2022-07-20 00:00:00+00:00,18559479.17375917
2022-07-20 08:00:00+00:00,19620869.173263922
2022-07-20 12:00:00+00:00,19620869.173263922
2022-07-20 16:00:00+00:00,19839652.286196582
2022-07-20 20:00:00+00:00,19860171.00271364
2022-07-21 00:00:00+00:00,20360516.99475624
2022-07-21 12:00:00+00:00,20360516.99475624
2022-07-22 00:00:00+00:00,21426509.62593195
2022-07-22 16:00:00+00:00,21472182.795712437
2022-07-22 20:00:00+00:00,21432009.92985223
2022-07-29 12:00:00+00:00,21432009.92985223
2022-07-29 20:00:00+00:00,22237904.80740355
2022-07-30 08:00:00+00:00,22237904.80740355
2022-07-30 12:00:00+00:00,22624937.19092708
2022-08-05 04:00:00+00:00,22624937.19092708
2022-08-05 08:00:00+00:00,22624937.19092708
2022-08-07 04:00:00+00:00,22597607.09162192
2022-08-07 08:00:00+00:00,22626067.498788234
2022-08-09 12:00:00+00:00,22626067.498788234
2022-08-10 00:00:00+00:00,23525880.881069936
2022-08-10 12:00:00+00:00,23525880.881069936
2022-08-10 16:00:00+00:00,23546185.597132485
2022-08-11 20:00:00+00:00,23546185.597132485
2022-08-12 00:00:00+00:00,23563401.77036195
2022-08-13 04:00:00+00:00,23563401.77036195
2022-08-13 08:00:00+00:00,23691856.997145247
2022-08-13 12:00:00+00:00,23691856.997145247
2022-08-14 00:00:00+00:00,23771866.54934843
2022-08-14 08:00:00+00:00,23771866.54934843
2022-08-14 12:00:00+00:00,23321856.07119241
2022-08-15 00:00:00+00:00,23321856.07119241
2022-08-15 04:00:00+00:00,23075888.335338578
2022-08-15 16:00:00+00:00,23075888.335338578
2022-08-15 20:00:00+00:00,22518493.2169983
2022-08-16 00:00:00+00:00,22518493.2169983
2022-08-16 04:00:00+00:00,22607661.696918085
2022-08-17 00:00:00+00:00,22607661.696918085
2022-08-17 04:00:00+00:00,22302355.37015222
2022-08-17 20:00:00+00:00,22302355.37015222
2022-08-19 00:00:00+00:00,21304665.87423843
2022-08-19 04:00:00+00:00,21304665.87423843
2022-08-19 08:00:00+00:00,21304665.87423843
2022-08-19 20:00:00+00:00,20374781.2573125
2022-08-21 04:00:00+00:00,21357210.73644822
2022-08-21 20:00:00+00:00,21220871.52706543
2022-08-29 12:00:00+00:00,21220871.52706543
2022-08-29 16:00:00+00:00,21220871.52706543
2022-08-29 20:00:00+00:00,20912476.623790428
2022-08-31 16:00:00+00:00,20937827.495242454
2022-09-04 00:00:00+00:00,20937827.495242454
2022-09-06 00:00:00+00:00,20665393.642600417
2022-09-07 08:00:00+00:00,20665393.642600417
2022-09-07 12:00:00+00:00,20665393.642600417
2022-09-07 16:00:00+00:00,20665393.642600417
2022-09-09 00:00:00+00:00,20371499.382005155
2022-09-09 04:00:00+00:00,20076035.71490685
2022-09-09 20:00:00+00:00,20076035.71490685
2022-09-10 00:00:00+00:00,19855011.799913585
2022-09-10 08:00:00+00:00,20309491.96698146
2022-09-10 16:00:00+00:00,20077728.344911706
2022-09-11 00:00:00+00:00,20250325.06074422
2022-09-12 00:00:00+00:00,20278208.439156167
2022-09-12 16:00:00+00:00,20278208.439156167
2022-09-12 20:00:00+00:00,20278208.439156167
2022-09-13 12:00:00+00:00,21662086.25417832
2022-09-13 16:00:00+00:00,20943703.500259385
2022-09-13 20:00:00+00:00,20943703.500259385
2022-09-14 00:00:00+00:00,20987596.524852265
2022-09-14 12:00:00+00:00,20987596.524852265
2022-09-15 04:00:00+00:00,20987596.524852265
2022-09-15 12:00:00+00:00,20836981.298937213
2022-09-15 16:00:00+00:00,20667479.526697807
2022-09-16 00:00:00+00:00,20552505.518303253
2022-09-16 12:00:00+00:00,20676517.18366549
2022-09-17 04:00:00+00:00,20679997.646294817
2022-09-17 16:00:00+00:00,20164420.636106804
2022-09-19 12:00:00+00:00,20164420.636106804
2022-09-21 08:00:00+00:00,20164420.636106804
2022-09-21 16:00:00+00:00,19739557.098377973
2022-09-22 20:00:00+00:00,19624667.216376163
2022-09-27 08:00:00+00:00,19624667.216376163
2022-09-27 12:00:00+00:00,20194979.937946483
2022-09-27 20:00:00+00:00,20194979.937946483
2022-09-28 00:00:00+00:00,20194979.937946483
2022-09-28 04:00:00+00:00,21059242.92862244
2022-09-30 00:00:00+00:00,21154977.66597583
2022-10-01 16:00:00+00:00,21154977.66597583
2022-10-02 16:00:00+00:00,21265178.732440416
2022-10-05 00:00:00+00:00,21265178.732440416
2022-10-05 12:00:00+00:00,21714186.51610714
2022-10-06 04:00:00+00:00,22159994.580701668
2022-10-07 00:00:00+00:00,22159994.580701668
2022-10-07 12:00:00+00:00,21929652.562423937
2022-10-07 16:00:00+00:00,21544152.378022917
2022-10-13 16:00:00+00:00,21544152.378022917
2022-10-14 00:00:00+00:00,21544152.378022917
2022-10-14 12:00:00+00:00,21259016.487154275
2022-10-17 00:00:00+00:00,21216161.257550653
2022-10-19 04:00:00+00:00,21216161.257550653
2022-10-19 20:00:00+00:00,21216161.257550653
2022-10-20 04:00:00+00:00,21772834.832180683
2022-10-21 04:00:00+00:00,21805261.673588585
2022-10-23 04:00:00+00:00,21691927.619939823
2022-10-24 16:00:00+00:00,21691927.619939823
2022-10-24 20:00:00+00:00,21394020.344672702
2022-10-25 12:00:00+00:00,21394020.344672702
2022-10-25 16:00:00+00:00,21117342.55878569
2022-10-26 00:00:00+00:00,21553886.09540925
2022-10-26 04:00:00+00:00,21553886.09540925
2022-10-26 08:00:00+00:00,21515122.18677803
2022-10-28 04:00:00+00:00,21479572.166494925
2022-10-29 20:00:00+00:00,21479572.166494925
2022-10-30 00:00:00+00:00,21261544.084860675
2022-11-01 00:00:00+00:00,21261544.084860675
2022-11-01 12:00:00+00:00,21513095.154850297
2022-11-02 04:00:00+00:00,21535640.340745203
2022-11-02 16:00:00+00:00,21535640.340745203
2022-11-03 00:00:00+00:00,22593269.00327843
2022-11-06 08:00:00+00:00,22593269.00327843
2022-11-06 12:00:00+00:00,22593269.00327843
2022-11-06 16:00:00+00:00,22125779.965386834
2022-11-07 08:00:00+00:00,22125779.965386834
2022-11-07 20:00:00+00:00,22173549.631015655
2022-11-08 12:00:00+00:00,22173549.631015655
2022-11-08 16:00:00+00:00,21379232.994114526
2022-11-08 20:00:00+00:00,19569231.214473788
2022-11-09 20:00:00+00:00,19569231.214473788
2022-11-10 00:00:00+00:00,19569231.214473788
2022-11-10 04:00:00+00:00,20775067.983525783
2022-11-10 12:00:00+00:00,21188851.232619897
2022-11-12 04:00:00+00:00,21241379.823386084
2022-11-12 20:00:00+00:00,21241379.823386084
2022-11-14 20:00:00+00:00,21254713.87549207
2022-11-16 08:00:00+00:00,21254713.87549207
2022-11-17 04:00:00+00:00,21254713.87549207
2022-11-18 08:00:00+00:00,21462454.732392963
2022-11-19 04:00:00+00:00,21464656.105032306
2022-11-30 00:00:00+00:00,21464656.105032306
2022-11-30 20:00:00+00:00,21628892.493928503
2022-12-02 12:00:00+00:00,21628892.493928503
2022-12-03 00:00:00+00:00,22040568.08762207
2022-12-03 08:00:00+00:00,22040568.08762207
2022-12-04 12:00:00+00:00,22040568.08762207
2022-12-04 16:00:00+00:00,21763646.513534047
2022-12-05 08:00:00+00:00,21631139.787568692
2022-12-06 20:00:00+00:00,21631139.787568692
2022-12-07 00:00:00+00:00,21361481.522227447
2022-12-14 12:00:00+00:00,21361481.522227447
2022-12-14 20:00:00+00:00,22049922.28183313
2022-12-15 04:00:00+00:00,22049922.28183313
2022-12-15 12:00:00+00:00,21818061.964010365
2022-12-16 12:00:00+00:00,21594557.752082888
2022-12-16 20:00:00+00:00,23440437.468939148
2023-01-09 00:00:00+00:00,23440437.468939148
2023-01-09 04:00:00+00:00,22359517.027420323
2023-01-09 12:00:00+00:00,22359517.027420323
2023-01-10 00:00:00+00:00,22384893.937011383
2023-01-10 04:00:00+00:00,22384893.937011383
2023-01-10 16:00:00+00:00,21443976.77673858
2023-01-11 04:00:00+00:00,21443976.77673858
2023-01-11 12:00:00+00:00,21443976.77673858
2023-01-11 16:00:00+00:00,21466982.291198254
2023-01-11 20:00:00+00:00,20564185.18688697
2023-01-12 04:00:00+00:00,20564185.18688697
2023-01-12 08:00:00+00:00,20587215.568674516
2023-01-12 12:00:00+00:00,20631264.604925066
2023-01-12 16:00:00+00:00,20631264.604925066
2023-01-12 20:00:00+00:00,20631264.604925066
2023-01-13 04:00:00+00:00,20748748.121798016
2023-01-13 08:00:00+00:00,20748748.121798016
2023-01-13 12:00:00+00:00,20579839.332019813
2023-01-14 04:00:00+00:00,21632281.060727973
2023-01-14 08:00:00+00:00,21632281.060727973
2023-01-14 12:00:00+00:00,21668553.79723541
2023-01-14 16:00:00+00:00,22014964.64311864
2023-01-15 04:00:00+00:00,22014964.64311864
2023-01-15 08:00:00+00:00,21860264.935265064
2023-01-16 08:00:00+00:00,21860264.935265064
2023-01-16 12:00:00+00:00,21926608.131402493
2023-01-17 04:00:00+00:00,21926608.131402493
2023-01-18 08:00:00+00:00,22056562.5453485
2023-01-18 12:00:00+00:00,22146896.00158354
2023-01-20 12:00:00+00:00,22129065.726557706
2023-01-23 16:00:00+00:00,22129065.726557706
2023-01-23 20:00:00+00:00,22194523.30382759
2023-01-24 20:00:00+00:00,22194523.30382759
2023-01-25 00:00:00+00:00,21339522.654840328
2023-01-26 00:00:00+00:00,21836408.114337366
2023-01-30 08:00:00+00:00,21836408.114337366
2023-01-30 12:00:00+00:00,21418990.495046265
2023-02-03 00:00:00+00:00,21418990.495046265
2023-02-03 04:00:00+00:00,21418990.495046265
2023-02-05 12:00:00+00:00,21564405.73938662
2023-02-06 08:00:00+00:00,21589171.744622897
2023-02-09 20:00:00+00:00,21589171.744622897
2023-02-10 16:00:00+00:00,21589171.744622897
2023-02-10 20:00:00+00:00,21727918.603628907
2023-02-11 20:00:00+00:00,22843843.73520319
2023-02-14 00:00:00+00:00,22843843.73520319
2023-02-14 08:00:00+00:00,22873761.000481717
2023-02-14 12:00:00+00:00,22873761.000481717
2023-02-15 00:00:00+00:00,22873761.000481717
2023-02-15 04:00:00+00:00,22570446.092365053
2023-02-15 12:00:00+00:00,22269089.028629124
2023-02-15 16:00:00+00:00,21968108.693412825
2023-02-15 20:00:00+00:00,21653752.978304144
2023-02-16 00:00:00+00:00,21653752.978304144
2023-02-16 04:00:00+00:00,21653752.978304144
2023-02-16 12:00:00+00:00,21419629.916273206
2023-02-16 16:00:00+00:00,21520737.7223921
2023-02-16 20:00:00+00:00,22061482.755859833
2023-02-17 00:00:00+00:00,21662241.212289773
2023-02-17 04:00:00+00:00,21662241.212289773
2023-02-17 12:00:00+00:00,21705156.07324252
2023-02-17 20:00:00+00:00,21705156.07324252
2023-02-19 00:00:00+00:00,22070354.676822085
2023-02-19 04:00:00+00:00,22115697.713951062
2023-02-19 20:00:00+00:00,22325918.563786454
2023-02-20 08:00:00+00:00,22325918.563786454
2023-02-21 12:00:00+00:00,22096943.96598381
2023-02-21 20:00:00+00:00,22096943.96598381
2023-02-22 00:00:00+00:00,21869462.025468703
2023-02-23 20:00:00+00:00,21791246.804986563
2023-02-25 20:00:00+00:00,21791246.804986563
2023-02-27 12:00:00+00:00,21791246.804986563
2023-02-27 20:00:00+00:00,21580118.527282115
2023-02-28 00:00:00+00:00,22121814.975245986
2023-02-28 08:00:00+00:00,22121814.975245986
2023-02-28 16:00:00+00:00,21815213.7354681
2023-03-01 00:00:00+00:00,21815213.7354681
2023-03-01 08:00:00+00:00,21330661.656501967
2023-03-02 20:00:00+00:00,21330661.656501967
2023-03-03 00:00:00+00:00,20812049.555787228
2023-03-03 08:00:00+00:00,21370423.338517934
2023-03-05 08:00:00+00:00,21379046.47961746
2023-03-06 16:00:00+00:00,21379340.150331613
2023-03-07 12:00:00+00:00,21379340.150331613
2023-03-08 12:00:00+00:00,21090892.482797932
2023-03-08 20:00:00+00:00,22175613.047741957
2023-03-09 20:00:00+00:00,22175613.047741957
2023-03-10 00:00:00+00:00,21652700.279774815
2023-03-12 20:00:00+00:00,21652700.279774815
2023-03-13 12:00:00+00:00,21652700.279774815
2023-03-13 20:00:00+00:00,21652700.279774815
2023-03-14 00:00:00+00:00,21158859.51942471
2023-03-14 04:00:00+00:00,21158859.51942471
2023-03-14 08:00:00+00:00,20140679.936368298
2023-03-14 12:00:00+00:00,19552550.207824953
2023-03-14 16:00:00+00:00,20101008.27778407
2023-03-14 20:00:00+00:00,19599161.739975058
2023-03-15 00:00:00+00:00,19685939.315780476
2023-03-15 04:00:00+00:00,19685939.315780476
2023-03-15 08:00:00+00:00,20867346.783818346
2023-03-15 12:00:00+00:00,20867346.783818346
2023-03-15 16:00:00+00:00,20241585.771636013
2023-03-16 00:00:00+00:00,20241585.771636013
2023-03-16 08:00:00+00:00,20241585.771636013
2023-03-16 12:00:00+00:00,19727123.910743114
2023-03-17 04:00:00+00:00,19727123.910743114
2023-03-17 08:00:00+00:00,19808643.951904044
2023-03-17 12:00:00+00:00,20321417.94162494
2023-03-17 16:00:00+00:00,20321417.94162494
2023-03-18 00:00:00+00:00,20733696.323125713
2023-03-18 08:00:00+00:00,21191591.89328282
2023-03-18 20:00:00+00:00,21191591.89328282
2023-03-19 00:00:00+00:00,21191591.89328282
2023-03-19 04:00:00+00:00,21263714.702321365
2023-03-20 00:00:00+00:00,21309342.372897618
2023-03-20 04:00:00+00:00,21309342.372897618
2023-03-20 12:00:00+00:00,20781005.019478403
2023-03-20 20:00:00+00:00,20690887.215368126
2023-03-21 00:00:00+00:00,20716315.932882104
2023-03-21 08:00:00+00:00,20716315.932882104
2023-03-21 20:00:00+00:00,20493456.344454125
2023-03-22 00:00:00+00:00,20493456.344454125
2023-03-22 08:00:00+00:00,20341500.396118708
2023-03-22 16:00:00+00:00,20888472.113814443
2023-03-23 20:00:00+00:00,20888472.113814443
2023-03-24 12:00:00+00:00,22162293.01394395
2023-03-24 16:00:00+00:00,22153355.14284257
2023-03-26 00:00:00+00:00,22153355.14284257
2023-03-26 12:00:00+00:00,21848046.112775806
2023-03-29 00:00:00+00:00,21848046.112775806
2023-03-29 04:00:00+00:00,21495738.479038198
2023-04-01 16:00:00+00:00,21495738.479038198
2023-04-01 20:00:00+00:00,21234629.697244644
2023-04-02 20:00:00+00:00,21234629.697244644
2023-04-04 12:00:00+00:00,21370542.946294405
2023-04-09 04:00:00+00:00,21370542.946294405
2023-04-11 04:00:00+00:00,21201298.799871728
2023-04-12 00:00:00+00:00,21201298.799871728
2023-04-12 04:00:00+00:00,20964083.391799234
2023-04-14 12:00:00+00:00,20964083.391799234
2023-04-14 16:00:00+00:00,21736084.794247042
2023-04-17 20:00:00+00:00,21845958.514492705
2023-04-20 12:00:00+00:00,21845958.514492705
2023-04-20 16:00:00+00:00,21504955.89648312
2023-04-21 00:00:00+00:00,21638687.78975681
2023-04-21 04:00:00+00:00,21879756.272602737
2023-04-21 12:00:00+00:00,21879756.272602737
2023-04-21 16:00:00+00:00,21879756.272602737
2023-04-23 12:00:00+00:00,22998138.46029508
2023-04-23 16:00:00+00:00,22415862.052311912
2023-04-24 16:00:00+00:00,22415862.052311912
2023-04-24 20:00:00+00:00,22415862.052311912
2023-04-25 20:00:00+00:00,21973238.973537993
2023-04-26 04:00:00+00:00,21973238.973537993
2023-04-26 08:00:00+00:00,21641450.274972428
2023-04-26 16:00:00+00:00,21641450.274972428
2023-04-26 20:00:00+00:00,21395846.281920582
2023-04-28 12:00:00+00:00,21395846.281920582
2023-04-28 16:00:00+00:00,21420270.92185704
2023-05-12 04:00:00+00:00,21420270.92185704
2023-05-14 04:00:00+00:00,21078606.26836888
2023-05-15 12:00:00+00:00,21078606.26836888
2023-05-15 16:00:00+00:00,20847743.36017973
2023-05-19 12:00:00+00:00,20847743.36017973
2023-05-20 16:00:00+00:00,20847743.36017973
2023-05-22 16:00:00+00:00,21056233.03166899
2023-05-22 20:00:00+00:00,21216791.28512836
2023-05-24 08:00:00+00:00,21216791.28512836
2023-05-25 04:00:00+00:00,21766233.943640057
2023-05-28 16:00:00+00:00,21766233.943640057
2023-05-28 20:00:00+00:00,21488877.332477055
2023-05-30 04:00:00+00:00,21488877.332477055
2023-05-30 12:00:00+00:00,21525460.974115323
2023-05-30 16:00:00+00:00,21525460.974115323
2023-05-31 00:00:00+00:00,21525460.974115323
2023-05-31 04:00:00+00:00,21120934.2995349
2023-05-31 08:00:00+00:00,20406066.006799318
2023-05-31 20:00:00+00:00,20406066.006799318
2023-06-01 00:00:00+00:00,20390784.414118476
2023-06-03 12:00:00+00:00,20637678.503146954
2023-06-03 16:00:00+00:00,20637678.503146954
2023-06-04 04:00:00+00:00,20637678.503146954
2023-06-05 12:00:00+00:00,20826721.755916514
2023-06-06 00:00:00+00:00,21264187.906062927
2023-06-14 00:00:00+00:00,21264187.906062927
2023-06-15 08:00:00+00:00,21840791.180290036
2023-06-17 04:00:00+00:00,21840791.180290036
2023-06-19 04:00:00+00:00,22046571.235121246
2023-06-21 08:00:00+00:00,22046571.235121246
2023-06-21 12:00:00+00:00,21768846.98533295
2023-06-21 20:00:00+00:00,21768846.98533295
2023-06-22 00:00:00+00:00,21768846.98533295
2023-06-22 04:00:00+00:00,21768846.98533295
2023-06-22 08:00:00+00:00,22263033.009129785
2023-06-23 00:00:00+00:00,22263033.009129785
2023-06-23 04:00:00+00:00,21997303.624461573
2023-06-23 08:00:00+00:00,21997303.624461573
2023-06-23 12:00:00+00:00,22405319.278708514
2023-06-23 16:00:00+00:00,22093917.777790286
2023-06-24 00:00:00+00:00,22038336.649286386
2023-06-24 04:00:00+00:00,22038336.649286386
2023-06-24 12:00:00+00:00,21794555.171111587
2023-06-24 16:00:00+00:00,21794555.171111587
2023-06-25 12:00:00+00:00,22241017.8325581
2023-06-26 16:00:00+00:00,21335952.17195557
2023-06-28 04:00:00+00:00,21676198.944856692
2023-06-30 12:00:00+00:00,21676198.944856692
2023-07-02 12:00:00+00:00,22597588.729312964
2023-07-04 12:00:00+00:00,22597588.729312964
2023-07-04 16:00:00+00:00,22331533.602144312
2023-07-11 12:00:00+00:00,22331533.602144312
2023-07-11 16:00:00+00:00,22063454.707017373
2023-07-11 20:00:00+00:00,22127164.89751927
2023-07-13 16:00:00+00:00,22127164.89751927
2023-07-13 20:00:00+00:00,21861539.346507
2023-07-14 00:00:00+00:00,23649727.048542224
2023-07-14 12:00:00+00:00,23649727.048542224
2023-07-14 16:00:00+00:00,22992489.466926657
2023-07-14 20:00:00+00:00,22484848.164200377
2023-07-16 16:00:00+00:00,22294636.620153584
2023-07-16 20:00:00+00:00,22425290.409102164
2023-07-17 20:00:00+00:00,22261191.838710826
2023-07-25 04:00:00+00:00,22261191.838710826
2023-07-27 04:00:00+00:00,22235259.78659396
2023-07-31 00:00:00+00:00,22235259.78659396
2023-07-31 08:00:00+00:00,22780093.21560768
2023-07-31 20:00:00+00:00,22780093.21560768
2023-08-01 00:00:00+00:00,22879887.397972357
2023-08-01 20:00:00+00:00,23039661.742036406
2023-08-02 00:00:00+00:00,23039661.742036406
2023-08-03 00:00:00+00:00,22777669.827301294
2023-08-03 12:00:00+00:00,23299414.195035134
2023-08-04 08:00:00+00:00,23197520.771564897
2023-08-06 20:00:00+00:00,23360756.094915554
2023-08-08 00:00:00+00:00,23360756.094915554
2023-08-08 04:00:00+00:00,23360756.094915554
2023-08-08 08:00:00+00:00,23360756.094915554
2023-08-08 12:00:00+00:00,22420415.886650197
2023-08-09 00:00:00+00:00,22420415.886650197
2023-08-09 04:00:00+00:00,22455858.92479259
2023-08-09 12:00:00+00:00,22455858.92479259
2023-08-09 16:00:00+00:00,22186489.669060245
2023-08-11 16:00:00+00:00,22892109.677330177
2023-08-16 00:00:00+00:00,22892109.677330177
2023-08-17 20:00:00+00:00,22892109.677330177
2023-08-18 00:00:00+00:00,21875117.713055342
2023-08-28 12:00:00+00:00,21875117.713055342
2023-08-29 00:00:00+00:00,21564045.5694238
2023-08-29 12:00:00+00:00,21564045.5694238
2023-08-31 20:00:00+00:00,21564045.5694238
2023-09-01 16:00:00+00:00,21341372.926603675
2023-09-01 20:00:00+00:00,21900130.31085631
2023-09-05 20:00:00+00:00,21900130.31085631
2023-09-06 16:00:00+00:00,21606390.222675476
2023-09-07 00:00:00+00:00,22010566.96760573
2023-09-07 20:00:00+00:00,22010566.96760573
2023-09-08 08:00:00+00:00,22063272.437968392
2023-09-11 16:00:00+00:00,22063272.437968392
2023-09-13 16:00:00+00:00,22073149.941851165
2023-09-16 00:00:00+00:00,22073149.941851165
2023-09-18 00:00:00+00:00,22246209.492632233
2023-09-18 08:00:00+00:00,22246209.492632233
2023-09-18 16:00:00+00:00,24305375.716300227
2023-09-19 08:00:00+00:00,24064328.70540095
2023-09-20 04:00:00+00:00,24064328.70540095
2023-09-20 08:00:00+00:00,24068529.416570477
2023-09-29 12:00:00+00:00,24068529.416570477
2023-09-29 16:00:00+00:00,24068529.416570477
2023-09-29 20:00:00+00:00,24994599.221824527
2023-09-30 04:00:00+00:00,25449285.9946139
2023-10-01 12:00:00+00:00,25135961.860275928
2023-10-01 16:00:00+00:00,25724459.710715882
2023-10-02 04:00:00+00:00,25728876.57288371
2023-10-02 08:00:00+00:00,25728876.57288371
2023-10-02 12:00:00+00:00,26224710.816563055
2023-10-02 16:00:00+00:00,25952929.57570962
2023-10-02 20:00:00+00:00,25638334.07395546
2023-10-03 00:00:00+00:00,26264983.408495314
2023-10-03 12:00:00+00:00,26415909.270889547
2023-10-03 16:00:00+00:00,26415909.270889547
2023-10-03 20:00:00+00:00,26954341.26517174
2023-10-04 00:00:00+00:00,26685114.493539732
2023-10-04 04:00:00+00:00,26386676.351299062
2023-10-04 12:00:00+00:00,26146956.601514865
2023-10-05 00:00:00+00:00,26723922.50418424
2023-10-06 00:00:00+00:00,27091524.163820222
2023-10-11 16:00:00+00:00,27091524.163820222
2023-10-13 16:00:00+00:00,26231843.814129878
2023-10-16 12:00:00+00:00,27809957.627124056
2023-10-16 20:00:00+00:00,27809957.627124056
2023-10-17 04:00:00+00:00,27809957.627124056
2023-10-17 08:00:00+00:00,27789068.87270138
2023-10-17 12:00:00+00:00,27789068.87270138
2023-10-17 16:00:00+00:00,27768195.80834437
2023-10-17 20:00:00+00:00,28467867.316921964
2023-10-18 08:00:00+00:00,28527168.116419375
2023-10-20 12:00:00+00:00,28527168.116419375
2023-10-20 20:00:00+00:00,29510995.011023805
2023-10-21 12:00:00+00:00,29510995.011023805
2023-10-21 16:00:00+00:00,29156730.27141398
2023-10-21 20:00:00+00:00,29156730.27141398
2023-10-22 08:00:00+00:00,29156730.27141398
2023-10-22 12:00:00+00:00,28785366.56311973
2023-10-23 08:00:00+00:00,28785366.56311973
2023-10-23 12:00:00+00:00,28785366.56311973
2023-10-23 20:00:00+00:00,29269040.711804297
2023-10-24 04:00:00+00:00,29851169.55323074
2023-10-24 12:00:00+00:00,29851169.55323074
2023-10-24 16:00:00+00:00,31348400.377635874
2023-10-24 20:00:00+00:00,31975256.761111837
2023-10-25 04:00:00+00:00,31975256.761111837
2023-10-25 08:00:00+00:00,32694034.92812151
2023-10-25 20:00:00+00:00,32387887.645996638
2023-10-26 12:00:00+00:00,32579207.859516095
2023-10-27 04:00:00+00:00,32599198.462298542
2023-11-02 12:00:00+00:00,32599198.462298542
2023-11-02 20:00:00+00:00,32599198.462298542
2023-11-03 00:00:00+00:00,32266136.505434085
2023-11-05 20:00:00+00:00,33363658.856851663
2023-11-09 16:00:00+00:00,33363658.856851663
2023-11-09 20:00:00+00:00,32743826.002756555
2023-11-10 04:00:00+00:00,36817305.57531838
2023-11-10 12:00:00+00:00,36893560.84105158
2023-11-11 00:00:00+00:00,36893560.84105158
2023-11-11 04:00:00+00:00,36893560.84105158
2023-11-11 20:00:00+00:00,36893560.84105158
2023-11-12 00:00:00+00:00,36777014.84723032
2023-11-12 12:00:00+00:00,36777014.84723032
2023-11-12 16:00:00+00:00,37005365.151184686
2023-11-13 20:00:00+00:00,38646803.25508789
2023-11-15 00:00:00+00:00,38646803.25508789
2023-11-17 12:00:00+00:00,39464312.16634796
2023-11-17 16:00:00+00:00,39464312.16634796
2023-11-19 16:00:00+00:00,43763780.51797615
2023-11-20 00:00:00+00:00,43763780.51797615
2023-11-20 16:00:00+00:00,44344123.47014348
2023-11-21 12:00:00+00:00,44344123.47014348
2023-11-21 16:00:00+00:00,46464128.470490724
2023-11-21 20:00:00+00:00,46108891.89335891
2023-11-22 08:00:00+00:00,46108891.89335891
2023-11-22 12:00:00+00:00,46171628.19170831
2023-11-24 12:00:00+00:00,45963441.428126246
2023-11-26 12:00:00+00:00,45963441.428126246
2023-11-27 04:00:00+00:00,45451622.730725035
2023-11-28 12:00:00+00:00,45451622.730725035
2023-11-28 16:00:00+00:00,45451622.730725035
2023-11-28 20:00:00+00:00,46094742.699045196
2023-11-30 16:00:00+00:00,45973451.42723363
2023-12-03 12:00:00+00:00,45973451.42723363
2023-12-03 20:00:00+00:00,46113230.56049929
2023-12-04 08:00:00+00:00,46113230.56049929
2023-12-04 16:00:00+00:00,47844687.79460523
2023-12-05 04:00:00+00:00,47844687.79460523
2023-12-05 08:00:00+00:00,47391070.48915924
2023-12-06 08:00:00+00:00,47391070.48915924
2023-12-06 12:00:00+00:00,47391070.48915924
2023-12-06 20:00:00+00:00,47391070.48915924
2023-12-07 00:00:00+00:00,46479945.67272174
2023-12-07 08:00:00+00:00,46580860.48590809
2023-12-07 12:00:00+00:00,47807823.58011077
2023-12-07 20:00:00+00:00,47807823.58011077
2023-12-08 08:00:00+00:00,48149767.30529852
2023-12-09 00:00:00+00:00,49867684.77611609
2023-12-09 12:00:00+00:00,49867684.77611609
2023-12-09 16:00:00+00:00,48535562.42572068
2023-12-09 20:00:00+00:00,50296480.875220545
2023-12-12 00:00:00+00:00,50296480.875220545
2023-12-12 08:00:00+00:00,50512188.34325967
2023-12-16 20:00:00+00:00,50512188.34325967
2023-12-18 20:00:00+00:00,50750258.46166805
2023-12-22 04:00:00+00:00,50750258.46166805
2023-12-22 08:00:00+00:00,50830578.081537396
2023-12-23 04:00:00+00:00,50830578.081537396
2023-12-25 04:00:00+00:00,50776151.43260538
2024-01-01 16:00:00+00:00,50776151.43260538
2024-01-02 00:00:00+00:00,50221067.04510584
2024-01-02 12:00:00+00:00,50221067.04510584
2024-01-02 16:00:00+00:00,49566842.349603474
2024-01-03 08:00:00+00:00,51670895.22900858
2024-01-03 12:00:00+00:00,51118323.05585268
2024-01-03 16:00:00+00:00,51118323.05585268
2024-01-03 20:00:00+00:00,56824374.79255681
2024-01-04 00:00:00+00:00,59333447.42208196
2024-01-08 16:00:00+00:00,59333447.42208196
2024-01-08 20:00:00+00:00,58641520.80308063
2024-01-10 20:00:00+00:00,58641520.80308063
2024-01-11 08:00:00+00:00,59160113.86043671
2024-01-11 20:00:00+00:00,59160113.86043671
2024-01-12 00:00:00+00:00,58503054.49368622
2024-01-13 04:00:00+00:00,58503054.49368622
2024-01-14 20:00:00+00:00,57257065.311589286
2024-01-17 00:00:00+00:00,57257065.311589286
2024-01-19 00:00:00+00:00,57873973.269935004
2024-01-19 20:00:00+00:00,57873973.269935004
2024-01-20 04:00:00+00:00,60632307.28975652
2024-01-22 12:00:00+00:00,60632307.28975652
2024-01-23 20:00:00+00:00,60632307.28975652
2024-01-25 20:00:00+00:00,61312055.85674805
2024-01-28 08:00:00+00:00,61312055.85674805
2024-01-28 20:00:00+00:00,62583222.603805415
2024-01-30 04:00:00+00:00,62583222.603805415
2024-01-30 20:00:00+00:00,61882369.38340284
2024-01-31 08:00:00+00:00,61882369.38340284
2024-01-31 16:00:00+00:00,63630801.80443032
2024-01-31 20:00:00+00:00,63630801.80443032
2024-02-01 00:00:00+00:00,62810134.81116702
2024-02-01 04:00:00+00:00,60848513.13717876
2024-02-01 16:00:00+00:00,60848513.13717876
2024-02-03 08:00:00+00:00,60848513.13717876
2024-02-03 16:00:00+00:00,60735656.355417475
2024-02-05 08:00:00+00:00,61077965.55622158
2024-02-05 16:00:00+00:00,61077965.55622158
2024-02-06 00:00:00+00:00,61184702.95086177
2024-02-06 08:00:00+00:00,61184702.95086177
2024-02-06 16:00:00+00:00,61184702.95086177
2024-02-07 00:00:00+00:00,61184702.95086177
2024-02-07 08:00:00+00:00,62301357.82144563
2024-02-07 20:00:00+00:00,61654285.62705209
2024-02-12 04:00:00+00:00,61654285.62705209
2024-02-12 20:00:00+00:00,64043384.23760865
2024-02-13 12:00:00+00:00,64043384.23760865
2024-02-13 16:00:00+00:00,64043384.23760865
2024-02-15 00:00:00+00:00,65531681.679953486
2024-02-15 12:00:00+00:00,65531681.679953486
2024-02-15 16:00:00+00:00,65660703.28827215
2024-02-15 20:00:00+00:00,65660703.28827215
2024-02-16 00:00:00+00:00,66687984.15151719
2024-02-16 16:00:00+00:00,66687984.15151719
2024-02-16 20:00:00+00:00,65992283.73454313
2024-02-17 12:00:00+00:00,65277081.02324843
2024-02-17 16:00:00+00:00,66611339.780538976
2024-02-26 12:00:00+00:00,66611339.780538976
2024-02-27 00:00:00+00:00,66611339.780538976
2024-02-27 08:00:00+00:00,67967206.61124116
2024-02-28 12:00:00+00:00,67500947.27966775
2024-02-28 16:00:00+00:00,67500947.27966775
2024-02-28 20:00:00+00:00,67500947.27966775
2024-02-29 00:00:00+00:00,67500947.27966775
2024-02-29 08:00:00+00:00,74320078.68953235
2024-02-29 12:00:00+00:00,76148141.75551091
2024-02-29 16:00:00+00:00,75377644.58620216
2024-02-29 20:00:00+00:00,75377644.58620216
2024-03-02 04:00:00+00:00,75377644.58620216
2024-03-02 16:00:00+00:00,75377644.58620216
2024-03-02 20:00:00+00:00,75811637.87381129
2024-03-03 04:00:00+00:00,75270956.78303972
2024-03-04 16:00:00+00:00,75270956.78303972
2024-03-05 12:00:00+00:00,76389147.00210424
2024-03-05 16:00:00+00:00,83665597.28936748
2024-03-05 20:00:00+00:00,84917233.39666149
2024-03-06 12:00:00+00:00,87216922.37473081
2024-03-07 04:00:00+00:00,87216922.37473081
2024-03-07 16:00:00+00:00,90064389.12015173
2024-03-08 12:00:00+00:00,90064389.12015173
2024-03-09 00:00:00+00:00,93076781.54096904
2024-03-09 04:00:00+00:00,94082834.86009787
2024-03-10 12:00:00+00:00,94852836.80203521
2024-03-12 20:00:00+00:00,94852836.80203521
2024-03-14 08:00:00+00:00,94852836.80203521
2024-03-14 12:00:00+00:00,95772033.57168405
2024-03-14 16:00:00+00:00,95993394.89590023
2024-03-16 00:00:00+00:00,95993394.89590023
2024-03-16 04:00:00+00:00,93849995.52862556
2024-03-16 16:00:00+00:00,93849995.52862556
2024-03-16 20:00:00+00:00,89705066.66988705
2024-03-18 04:00:00+00:00,89705066.66988705
2024-03-20 00:00:00+00:00,92551618.0655756
2024-03-20 20:00:00+00:00,92551618.0655756
2024-03-22 20:00:00+00:00,92257432.11579491
2024-03-23 00:00:00+00:00,92257432.11579491
2024-03-23 04:00:00+00:00,91214978.62656757
2024-03-23 20:00:00+00:00,91214978.62656757
2024-03-24 08:00:00+00:00,93000947.46220928
2024-03-26 16:00:00+00:00,93000947.46220928
2024-03-26 20:00:00+00:00,93000947.46220928
2024-03-27 00:00:00+00:00,93106530.7810346
2024-03-27 12:00:00+00:00,95206935.6666143
2024-04-02 20:00:00+00:00,95206935.6666143
2024-04-03 00:00:00+00:00,93378538.62887135
2024-04-09 16:00:00+00:00,93378538.62887135
2024-04-09 20:00:00+00:00,92243940.6439189
2024-04-10 00:00:00+00:00,92243940.6439189
2024-04-11 00:00:00+00:00,92243940.6439189
2024-04-12 00:00:00+00:00,92466286.59638436
2024-04-13 16:00:00+00:00,95097435.60786141
2024-04-13 20:00:00+00:00,95097435.60786141
2024-04-15 04:00:00+00:00,126418044.92935485
2024-04-16 04:00:00+00:00,126418044.92935485
2024-04-16 12:00:00+00:00,133940749.18606742
2024-04-19 00:00:00+00:00,133940749.18606742
2024-04-19 12:00:00+00:00,147179339.85937908
2024-05-04 00:00:00+00:00,147179339.85937908
2024-05-04 04:00:00+00:00,145221209.8337454
2024-05-04 08:00:00+00:00,143454138.48950574
2024-05-05 04:00:00+00:00,143454138.48950574
2024-05-07 04:00:00+00:00,143508520.44177014
2024-05-07 12:00:00+00:00,143508520.44177014
2024-05-07 16:00:00+00:00,146996392.12141114
2024-05-07 20:00:00+00:00,146996392.12141114
2024-05-08 00:00:00+00:00,145270314.1573756
2024-05-11 00:00:00+00:00,145270314.1573756
2024-05-14 08:00:00+00:00,145827579.73558322
2024-05-15 08:00:00+00:00,145827579.73558322
2024-05-15 12:00:00+00:00,143898533.55065095
2024-05-17 04:00:00+00:00,143898533.55065095
2024-05-17 08:00:00+00:00,141997255.4916028
2024-05-19 04:00:00+00:00,144028279.72298262
2024-05-20 00:00:00+00:00,144028279.72298262
2024-05-21 04:00:00+00:00,144028279.72298262
2024-05-21 16:00:00+00:00,144028279.72298262
2024-05-21 20:00:00+00:00,146593809.7451158
2024-05-22 00:00:00+00:00,147973349.99255997
2024-05-22 12:00:00+00:00,147973349.99255997
2024-05-23 00:00:00+00:00,147973349.99255997
2024-05-23 04:00:00+00:00,147569850.54837105
2024-05-23 12:00:00+00:00,146376790.13749874
2024-05-23 16:00:00+00:00,144711912.41567957
2024-05-23 20:00:00+00:00,144786012.0324508
2024-05-28 12:00:00+00:00,144786012.0324508
2024-05-28 16:00:00+00:00,137174764.8272677
2024-05-31 20:00:00+00:00,137174764.8272677
2024-06-01 00:00:00+00:00,137269234.05490923
2024-06-05 00:00:00+00:00,137269234.05490923
2024-06-05 04:00:00+00:00,137363041.72535625
2024-06-06 04:00:00+00:00,137363041.72535625
2024-06-07 16:00:00+00:00,135339137.04932854
2024-06-07 20:00:00+00:00,133510679.1495848
2024-06-08 00:00:00+00:00,142711931.52645326
2024-06-10 20:00:00+00:00,142711931.52645326
2024-06-11 12:00:00+00:00,150711162.81140321
2024-06-14 16:00:00+00:00,150711162.81140321
2024-06-16 16:00:00+00:00,153792114.87988397
2024-06-17 16:00:00+00:00,153792114.87988397
2024-06-18 20:00:00+00:00,153792114.87988397
2024-06-19 00:00:00+00:00,149613908.80511853
2024-06-20 20:00:00+00:00,149673651.5048835
2024-06-21 00:00:00+00:00,155170219.83944783
2024-06-21 20:00:00+00:00,155170219.83944783
2024-06-23 20:00:00+00:00,159065810.29580837
2024-06-28 12:00:00+00:00,159065810.29580837
2024-06-29 00:00:00+00:00,162634566.90452582
2024-06-30 16:00:00+00:00,162634566.90452582
2024-07-01 00:00:00+00:00,160465550.21919754
2024-07-01 16:00:00+00:00,160465550.21919754
2024-07-01 20:00:00+00:00,161028793.89744815
2024-07-02 16:00:00+00:00,161028793.89744815
2024-07-03 00:00:00+00:00,161028793.89744815
2024-07-04 04:00:00+00:00,164797191.23845777
2024-07-04 16:00:00+00:00,167973041.39428756
2024-07-08 04:00:00+00:00,167973041.39428756
2024-07-10 04:00:00+00:00,165800660.41400495
2024-07-11 08:00:00+00:00,163619307.53764445
2024-07-12 16:00:00+00:00,163619307.53764445
2024-07-12 20:00:00+00:00,160519344.5502973
2024-07-14 12:00:00+00:00,160519344.5502973
2024-07-14 20:00:00+00:00,161390328.88094413
2024-07-15 20:00:00+00:00,161390328.88094413
2024-07-16 00:00:00+00:00,159502045.86664844
2024-07-16 12:00:00+00:00,185662992.15669096
2024-07-17 00:00:00+00:00,185662992.15669096
2024-07-17 20:00:00+00:00,185662992.15669096
2024-07-19 00:00:00+00:00,188247379.95068967
2024-07-19 16:00:00+00:00,188694554.81986627
2024-07-21 20:00:00+00:00,188694554.81986627
2024-07-22 00:00:00+00:00,186512658.78139228
2024-07-22 12:00:00+00:00,186512658.78139228
2024-07-23 00:00:00+00:00,213990391.22284126
2024-07-23 04:00:00+00:00,213990391.22284126
2024-07-23 12:00:00+00:00,213990391.22284126
2024-07-23 16:00:00+00:00,215186179.19040135
2024-07-25 00:00:00+00:00,213019451.6611435
2024-07-27 16:00:00+00:00,213019451.6611435
2024-07-27 20:00:00+00:00,210444005.96483243
2024-07-28 00:00:00+00:00,211167125.9461227
2024-07-29 16:00:00+00:00,211892914.45956102
2024-07-29 20:00:00+00:00,211892914.45956102
2024-07-30 20:00:00+00:00,211892914.45956102
2024-07-31 00:00:00+00:00,209087052.9624752
2024-07-31 12:00:00+00:00,209629689.1692423
2024-08-01 12:00:00+00:00,206157078.74797773
2024-08-02 12:00:00+00:00,206157078.74797773
2024-08-02 16:00:00+00:00,200165054.9077798
2024-08-04 12:00:00+00:00,202443558.12963
2024-08-04 16:00:00+00:00,202443558.12963
2024-08-05 00:00:00+00:00,205160334.6717384
2024-08-05 16:00:00+00:00,205160334.6717384
2024-08-05 20:00:00+00:00,215470370.7162372
2024-08-09 00:00:00+00:00,215470370.7162372
2024-08-09 04:00:00+00:00,205612171.1173512
2024-08-16 12:00:00+00:00,205612171.1173512
2024-08-18 12:00:00+00:00,204210062.0304719
2024-08-19 08:00:00+00:00,204210062.0304719
2024-08-19 16:00:00+00:00,208801112.13932505
2024-08-20 20:00:00+00:00,208801112.13932505
2024-08-21 16:00:00+00:00,208801112.13932505
2024-08-21 20:00:00+00:00,206483392.30616823
2024-08-22 04:00:00+00:00,206894004.23512778
2024-08-23 16:00:00+00:00,204931271.98661134
2024-08-23 20:00:00+00:00,204931271.98661134
2024-08-24 16:00:00+00:00,204931271.98661134
2024-08-25 16:00:00+00:00,211004601.43570668
2024-08-25 20:00:00+00:00,211941001.33224434
2024-08-28 16:00:00+00:00,211941001.33224434
2024-08-29 16:00:00+00:00,229149960.015428
2024-08-30 12:00:00+00:00,229149960.015428
2024-08-30 16:00:00+00:00,223910652.28481215
2024-09-03 20:00:00+00:00,223910652.28481215
2024-09-04 00:00:00+00:00,223910652.28481215
2024-09-04 04:00:00+00:00,229763190.15682453
2024-09-04 08:00:00+00:00,235841401.2255393
2024-09-04 16:00:00+00:00,235841401.2255393
2024-09-07 00:00:00+00:00,242481760.35822117
2024-09-07 16:00:00+00:00,244130394.6368085
2024-09-11 12:00:00+00:00,244130394.6368085
2024-09-12 00:00:00+00:00,250045424.4634426
2024-09-13 12:00:00+00:00,250045424.4634426
2024-09-13 20:00:00+00:00,238847160.25270236
2024-09-14 00:00:00+00:00,238847160.25270236
2024-09-14 08:00:00+00:00,236186569.9006221
2024-09-15 12:00:00+00:00,236463954.49520823
2024-09-16 00:00:00+00:00,236463954.49520823
2024-09-16 12:00:00+00:00,241916859.40629137
2024-09-17 04:00:00+00:00,241916859.40629137
2024-09-17 08:00:00+00:00,241978832.84968168
2024-09-18 08:00:00+00:00,241978832.84968168
2024-09-18 20:00:00+00:00,241978832.84968168
2024-09-19 00:00:00+00:00,239064008.14997822
2024-09-19 04:00:00+00:00,239064008.14997822
2024-09-19 08:00:00+00:00,235120913.82569847
2024-09-20 08:00:00+00:00,277516812.5466537
2024-09-20 12:00:00+00:00,277516812.5466537
2024-09-20 16:00:00+00:00,274522925.3798257
2024-09-21 08:00:00+00:00,274522925.3798257
2024-09-22 08:00:00+00:00,271658747.0376405
2024-09-22 16:00:00+00:00,270578662.93937266
2024-09-22 20:00:00+00:00,270578662.93937266
2024-09-23 00:00:00+00:00,272544867.549547
2024-09-23 08:00:00+00:00,279917044.6917848
2024-09-28 04:00:00+00:00,279917044.6917848
2024-09-28 08:00:00+00:00,279917044.6917848
2024-09-28 16:00:00+00:00,292575098.8807298
2024-09-29 04:00:00+00:00,282472575.8671862
2024-09-30 00:00:00+00:00,284209402.1441833
2024-10-01 12:00:00+00:00,281337297.4608363
2024-10-01 20:00:00+00:00,281337297.4608363
2024-10-02 00:00:00+00:00,281337297.4608363
2024-10-02 08:00:00+00:00,300129963.49143624
2024-10-02 16:00:00+00:00,300129963.49143624
2024-10-03 08:00:00+00:00,294198889.845304
2024-10-04 16:00:00+00:00,303990480.25521815
2024-10-05 04:00:00+00:00,303990480.25521815
2024-10-05 08:00:00+00:00,299641469.5936972
2024-10-05 16:00:00+00:00,299909957.28000796
2024-10-07 00:00:00+00:00,299909957.28000796
2024-10-07 04:00:00+00:00,296309688.1978401
2024-10-08 08:00:00+00:00,296309688.1978401
2024-10-08 12:00:00+00:00,293048529.46333027
2024-10-08 16:00:00+00:00,293048529.46333027
2024-10-09 00:00:00+00:00,293515121.6442496
2024-10-09 16:00:00+00:00,300043136.5229758
2024-10-10 08:00:00+00:00,303927950.16854894
2024-10-10 16:00:00+00:00,308934802.2567245
2024-10-14 00:00:00+00:00,308934802.2567245
2024-10-14 04:00:00+00:00,305226194.4230337
2024-10-15 12:00:00+00:00,305226194.4230337
2024-10-15 16:00:00+00:00,305226194.4230337
2024-10-15 20:00:00+00:00,315251702.28344023
2024-10-16 00:00:00+00:00,315251702.28344023
2024-10-16 04:00:00+00:00,321656715.730437
2024-10-16 08:00:00+00:00,321656715.730437
2024-10-17 04:00:00+00:00,318131468.9020981
2024-10-18 04:00:00+00:00,319389411.5434852
2024-10-19 08:00:00+00:00,320695011.2993717
2024-10-21 12:00:00+00:00,320695011.2993717
2024-10-22 08:00:00+00:00,312806722.91175854
2024-10-29 20:00:00+00:00,312806722.91175854
2024-10-30 04:00:00+00:00,340707182.0967138
2024-10-30 20:00:00+00:00,340707182.0967138
2024-10-31 12:00:00+00:00,337060555.7010167
2024-10-31 16:00:00+00:00,333570411.16809356
2024-11-01 00:00:00+00:00,333570411.16809356
2024-11-01 16:00:00+00:00,336739473.65577126
2024-11-05 04:00:00+00:00,336739473.65577126
2024-11-05 16:00:00+00:00,367811228.1712369
2024-11-06 00:00:00+00:00,367811228.1712369
2024-11-06 04:00:00+00:00,358287678.54640245
2024-11-06 12:00:00+00:00,358287678.54640245
2024-11-06 16:00:00+00:00,354594843.3945631
2024-11-06 20:00:00+00:00,354594843.3945631
2024-11-07 04:00:00+00:00,363693703.8272687
2024-11-07 12:00:00+00:00,371610257.60833603
2024-11-07 16:00:00+00:00,371610257.60833603
2024-11-08 00:00:00+00:00,373970501.3415432
2024-11-08 08:00:00+00:00,357198907.3345063
2024-11-08 12:00:00+00:00,376070442.77844757
2024-11-08 16:00:00+00:00,376070442.77844757
2024-11-08 20:00:00+00:00,391770627.5566793
2024-11-09 04:00:00+00:00,412370447.0184755
2024-11-09 08:00:00+00:00,412370447.0184755
2024-11-09 12:00:00+00:00,431042360.4069674
2024-11-10 04:00:00+00:00,435273793.74842745
2024-11-10 16:00:00+00:00,443913763.1239964
2024-11-10 20:00:00+00:00,443913763.1239964
2024-11-11 04:00:00+00:00,463367457.80198896
2024-11-11 16:00:00+00:00,463367457.80198896
2024-11-11 20:00:00+00:00,466086226.56490207
2024-11-12 00:00:00+00:00,475738730.5887535
2024-11-12 08:00:00+00:00,475738730.5887535
2024-11-12 16:00:00+00:00,476625421.7414436
2024-11-13 00:00:00+00:00,471745531.5298071
2024-11-13 04:00:00+00:00,448994631.8058006
2024-11-13 20:00:00+00:00,448994631.8058006
2024-11-14 00:00:00+00:00,448994631.8058006
2024-11-14 08:00:00+00:00,475299794.72598517
2024-11-14 12:00:00+00:00,476976290.88479745
2024-11-14 20:00:00+00:00,472111838.0244781
2024-11-15 04:00:00+00:00,474380070.3063284
2024-11-16 00:00:00+00:00,479075056.028533
2024-11-16 08:00:00+00:00,489365226.00403476
2024-11-17 00:00:00+00:00,489365226.00403476
2024-11-17 08:00:00+00:00,519549208.13648975
2024-11-18 16:00:00+00:00,519549208.13648975
2024-11-19 00:00:00+00:00,519549208.13648975
2024-11-20 12:00:00+00:00,519549208.13648975
2024-11-20 20:00:00+00:00,531224617.6436277
2024-11-21 00:00:00+00:00,522722229.51506215
2024-11-21 16:00:00+00:00,533324596.4660197
2024-11-22 00:00:00+00:00,560470130.902409
2024-11-24 12:00:00+00:00,560470130.902409
2024-11-24 16:00:00+00:00,572570590.4393216
2024-11-25 20:00:00+00:00,573908667.6734892
2024-12-01 00:00:00+00:00,573908667.6734892
2024-12-02 04:00:00+00:00,576046699.354547
2024-12-05 12:00:00+00:00,576046699.354547
2024-12-05 16:00:00+00:00,576046699.354547
2024-12-05 20:00:00+00:00,576046699.354547
2024-12-06 00:00:00+00:00,611002332.945179
2024-12-06 08:00:00+00:00,611002332.945179
2024-12-06 20:00:00+00:00,611002332.945179
2024-12-07 00:00:00+00:00,603345167.8001744
2024-12-07 16:00:00+00:00,646019650.7594604
2024-12-08 00:00:00+00:00,646019650.7594604
2024-12-08 08:00:00+00:00,636369462.6042117
2024-12-09 04:00:00+00:00,640259856.6833037
2024-12-10 12:00:00+00:00,640259856.6833037
2024-12-10 16:00:00+00:00,611323006.456271
2024-12-11 00:00:00+00:00,611323006.456271
2024-12-11 04:00:00+00:00,611323006.456271
2024-12-11 08:00:00+00:00,611948916.0783844
2024-12-12 04:00:00+00:00,611948916.0783844
2024-12-13 00:00:00+00:00,643388620.6592706
2024-12-14 04:00:00+00:00,648805405.5921836
2024-12-16 00:00:00+00:00,648805405.5921836
2024-12-16 08:00:00+00:00,637839982.078357
2024-12-16 12:00:00+00:00,637839982.078357
2024-12-16 20:00:00+00:00,664439778.0029391
2024-12-18 08:00:00+00:00,664439778.0029391
2024-12-19 20:00:00+00:00,684872662.6590369
2024-12-20 04:00:00+00:00,706122553.7831818
2024-12-20 08:00:00+00:00,724368908.5986084
2024-12-21 00:00:00+00:00,724368908.5986084
2024-12-21 04:00:00+00:00,713602620.4475338
2024-12-21 08:00:00+00:00,713602620.4475338
2024-12-21 12:00:00+00:00,697095297.8500203
2024-12-28 04:00:00+00:00,697095297.8500203
2024-12-29 20:00:00+00:00,706977951.0321343
2024-12-31 20:00:00+00:00,706977951.0321343
2025-01-01 00:00:00+00:00,706977951.0321343
2025-01-01 20:00:00+00:00,712282303.7423427
2025-01-02 08:00:00+00:00,702827404.7728386
2025-01-03 08:00:00+00:00,702827404.7728386
2025-01-03 12:00:00+00:00,695105896.8363771
2025-01-08 04:00:00+00:00,695105896.8363771
2025-01-08 12:00:00+00:00,695105896.8363771
2025-01-08 16:00:00+00:00,666268950.3813615
2025-01-09 08:00:00+00:00,666268950.3813615
2025-01-09 12:00:00+00:00,670214815.105492
2025-01-09 16:00:00+00:00,670214815.105492
2025-01-10 12:00:00+00:00,670214815.105492
2025-01-11 16:00:00+00:00,729520803.4829443
2025-01-12 12:00:00+00:00,743756353.6459002
2025-01-13 16:00:00+00:00,743756353.6459002
2025-01-13 20:00:00+00:00,767655271.1253898
2025-01-14 08:00:00+00:00,757481391.5100807
2025-01-15 04:00:00+00:00,747566945.8893198
2025-01-15 08:00:00+00:00,747566945.8893198
2025-01-15 12:00:00+00:00,757189272.3361654
2025-01-15 20:00:00+00:00,757189272.3361654
2025-01-16 00:00:00+00:00,747342518.4760839
2025-01-16 12:00:00+00:00,747342518.4760839
2025-01-16 20:00:00+00:00,771621833.4438698
2025-01-17 00:00:00+00:00,771621833.4438698
2025-01-17 12:00:00+00:00,790472926.834498
2025-01-17 16:00:00+00:00,790472926.834498
2025-01-18 00:00:00+00:00,835840301.388389
2025-01-18 16:00:00+00:00,835840301.388389
2025-01-19 04:00:00+00:00,837097657.272781
2025-01-19 08:00:00+00:00,814241884.6016871
2025-01-19 12:00:00+00:00,834141021.3380153
2025-01-19 20:00:00+00:00,834141021.3380153
2025-01-20 00:00:00+00:00,834141021.3380153
2025-01-20 08:00:00+00:00,834141021.3380153
2025-01-20 12:00:00+00:00,835370162.8364377
2025-01-20 16:00:00+00:00,835370162.8364377
2025-01-21 00:00:00+00:00,930372364.7873812
2025-01-21 04:00:00+00:00,930372364.7873812
2025-01-21 08:00:00+00:00,921965302.933178
2025-01-22 00:00:00+00:00,924521269.9203545
2025-01-23 04:00:00+00:00,950434999.877091
2025-01-23 08:00:00+00:00,954416779.4946457
2025-01-28 00:00:00+00:00,954416779.4946457
2025-01-28 12:00:00+00:00,954416779.4946457
2025-01-30 00:00:00+00:00,968251815.089922
2025-01-30 12:00:00+00:00,984549687.6159766
2025-01-31 16:00:00+00:00,984549687.6159766
2025-02-01 00:00:00+00:00,984549687.6159766
2025-02-02 00:00:00+00:00,984549687.6159766
2025-02-02 16:00:00+00:00,984549687.6159766
2025-02-03 00:00:00+00:00,941724739.9604397
2025-02-03 04:00:00+00:00,968019832.6124674
2025-02-03 12:00:00+00:00,1013101285.8335987
2025-02-04 00:00:00+00:00,1114894078.1378686
2025-02-04 20:00:00+00:00,1114894078.1378686
2025-02-05 16:00:00+00:00,1155719216.4665651
2025-02-12 12:00:00+00:00,1155719216.4665651
2025-02-12 16:00:00+00:00,1141119833.436228
2025-02-12 20:00:00+00:00,1125181149.7850535
2025-02-18 04:00:00+00:00,1125181149.7850535
2025-02-20 04:00:00+00:00,1124019313.0127106
2025-02-22 00:00:00+00:00,1124019313.0127106
2025-02-22 16:00:00+00:00,1109247158.2126837
2025-03-02 16:00:00+00:00,1251103455.8870826
2025-03-02 20:00:00+00:00,1251103455.8870826
2025-03-03 00:00:00+00:00,1253340626.2970886
2025-03-03 04:00:00+00:00,1253340626.2970886
2025-03-03 08:00:00+00:00,1253340626.2970886
2025-03-03 12:00:00+00:00,1255429272.401418
2025-03-03 16:00:00+00:00,1372999655.1612282
2025-03-05 04:00:00+00:00,1365736570.566168
2025-03-06 08:00:00+00:00,1416823736.6165068
2025-03-06 12:00:00+00:00,1416823736.6165068
2025-03-06 16:00:00+00:00,1399458391.8632944
2025-03-09 16:00:00+00:00,1399458391.8632944
2025-03-11 16:00:00+00:00,1373845981.6940792
2025-03-13 12:00:00+00:00,1373845981.6940792
2025-03-13 20:00:00+00:00,1451895391.4213707
2025-03-14 12:00:00+00:00,1432854308.5375977
2025-03-16 04:00:00+00:00,1432854308.5375977
2025-03-16 08:00:00+00:00,1413301814.1630642
2025-03-21 12:00:00+00:00,1413301814.1630642
2025-03-21 16:00:00+00:00,1396486101.4192915
2025-03-24 04:00:00+00:00,1396486101.4192915
2025-03-24 08:00:00+00:00,1380917682.6685817
2025-03-26 04:00:00+00:00,1380917682.6685817
2025-03-26 08:00:00+00:00,1364203699.2337377
2025-04-04 04:00:00+00:00,1364203699.2337377
2025-04-04 12:00:00+00:00,1364203699.2337377
2025-04-05 08:00:00+00:00,1364203699.2337377
2025-04-05 20:00:00+00:00,1364203699.2337377
2025-04-06 04:00:00+00:00,1366694522.7158906
2025-04-06 12:00:00+00:00,1447894487.3178582
2025-04-07 08:00:00+00:00,1514296921.6053967
2025-04-10 04:00:00+00:00,1514296921.6053967
2025-04-11 00:00:00+00:00,1514296921.6053967
2025-04-11 16:00:00+00:00,1494565488.160802
2025-04-12 04:00:00+00:00,1486009571.7561276
2025-04-12 16:00:00+00:00,1486009571.7561276
2025-04-12 20:00:00+00:00,1468862636.0803022
2025-04-13 00:00:00+00:00,1468862636.0803022
2025-04-13 20:00:00+00:00,1444294774.0159192
2025-04-14 04:00:00+00:00,1442019515.7467744
2025-04-14 16:00:00+00:00,1442019515.7467744
2025-04-14 20:00:00+00:00,1424696302.6245406
2025-04-16 16:00:00+00:00,1424696302.6245406
2025-04-18 16:00:00+00:00,1416058429.4295824
2025-04-21 08:00:00+00:00,1416058429.4295824
2025-04-23 08:00:00+00:00,1514809255.884995
2025-04-23 12:00:00+00:00,1514809255.884995
2025-04-23 20:00:00+00:00,1545789137.2925692
2025-04-28 04:00:00+00:00,1545789137.2925692
2025-04-28 08:00:00+00:00,1545789137.2925692
2025-04-28 12:00:00+00:00,1558636227.5709045
2025-04-29 12:00:00+00:00,1558636227.5709045
2025-04-29 16:00:00+00:00,1558636227.5709045
2025-04-29 20:00:00+00:00,1530233386.1766956
2025-05-04 20:00:00+00:00,1530233386.1766956
2025-05-05 04:00:00+00:00,1541180690.592821
2025-05-05 08:00:00+00:00,1541180690.592821
2025-05-07 00:00:00+00:00,1541180690.592821
2025-05-07 08:00:00+00:00,1570746213.7412422
2025-05-08 12:00:00+00:00,1570746213.7412422
2025-05-08 16:00:00+00:00,1551148227.1656163
2025-05-09 00:00:00+00:00,1551148227.1656163
2025-05-09 12:00:00+00:00,1551148227.1656163
2025-05-10 00:00:00+00:00,1553824281.7465496
2025-05-10 04:00:00+00:00,1553824281.7465496
2025-05-10 08:00:00+00:00,1536007691.384755
2025-05-10 20:00:00+00:00,1568075734.6048956
2025-05-11 04:00:00+00:00,1568075734.6048956
2025-05-11 12:00:00+00:00,1588093129.0416481
2025-05-11 16:00:00+00:00,1571042488.3345575
2025-05-11 20:00:00+00:00,1571042488.3345575
2025-05-12 00:00:00+00:00,1574341566.2267137
2025-05-12 08:00:00+00:00,1615778392.6710865
2025-05-12 12:00:00+00:00,1615778392.6710865
2025-05-12 16:00:00+00:00,1629288265.4181337
2025-05-15 12:00:00+00:00,1662014853.8458009
2025-05-16 00:00:00+00:00,1659765726.0571215
2025-05-18 04:00:00+00:00,1659765726.0571215
2025-05-18 12:00:00+00:00,1641482003.753343
2025-05-19 16:00:00+00:00,1641482003.753343
2025-05-20 00:00:00+00:00,1655371807.947191
2025-05-21 04:00:00+00:00,1655371807.947191
2025-05-21 08:00:00+00:00,1623698841.9025545
2025-05-23 16:00:00+00:00,1623698841.9025545
2025-05-23 20:00:00+00:00,1581132311.9874485
2025-05-24 00:00:00+00:00,1594628157.518367
2025-05-31 04:00:00+00:00,1594628157.518367
2025-06-01 00:00:00+00:00,1689205403.3088536
2025-06-06 04:00:00+00:00,1689205403.3088536
2025-06-09 12:00:00+00:00,1677187658.672916
2025-06-09 16:00:00+00:00,1677187658.672916
2025-06-09 20:00:00+00:00,1652919353.5562356
2025-06-10 04:00:00+00:00,1652919353.5562356
2025-06-10 08:00:00+00:00,1652341198.121651
2025-06-10 16:00:00+00:00,1652341198.121651
2025-06-11 04:00:00+00:00,1652341198.121651
2025-06-11 12:00:00+00:00,1658287955.6822572
2025-06-11 16:00:00+00:00,1658287955.6822572
2025-06-11 20:00:00+00:00,1640232147.0401087
2025-06-12 00:00:00+00:00,1641500116.6189551
2025-06-12 16:00:00+00:00,1678243780.5703766
2025-06-12 20:00:00+00:00,1661488788.370889
2025-06-13 08:00:00+00:00,1918103310.277922
2025-06-22 00:00:00+00:00,1918103310.277922
2025-06-23 12:00:00+00:00,1938419854.1380906
2025-06-25 12:00:00+00:00,1938419854.1380906
2025-06-25 16:00:00+00:00,1915996449.7551243
2025-06-27 20:00:00+00:00,1915996449.7551243
2025-06-28 00:00:00+00:00,1915996449.7551243
2025-06-28 12:00:00+00:00,1890990980.0191376
2025-06-28 20:00:00+00:00,1942408699.406314
2025-06-30 00:00:00+00:00,1942408699.406314
2025-06-30 04:00:00+00:00,1947950245.7450676
2025-06-30 16:00:00+00:00,1947950245.7450676
2025-06-30 20:00:00+00:00,1924566077.020021
2025-07-03 08:00:00+00:00,1924566077.020021
2025-07-04 04:00:00+00:00,1924566077.020021
2025-07-04 08:00:00+00:00,1893188784.9655352
2025-07-05 08:00:00+00:00,1925668426.9297082
2025-07-06 20:00:00+00:00,1925668426.9297082
2025-07-07 00:00:00+00:00,1903989257.7912805
2025-07-10 16:00:00+00:00,1903989257.7912805
2025-07-10 20:00:00+00:00,1882160132.5736337
2025-07-11 04:00:00+00:00,1925291422.7815244
2025-07-11 20:00:00+00:00,1925291422.7815244
2025-07-12 00:00:00+00:00,1924320596.5111864
2025-07-12 12:00:00+00:00,1924320596.5111864
2025-07-12 20:00:00+00:00,1924320596.5111864
2025-07-13 12:00:00+00:00,1924320596.5111864
2025-07-13 16:00:00+00:00,1924320596.5111864
2025-07-13 20:00:00+00:00,1973030985.648199
2025-07-14 12:00:00+00:00,2016018765.4544644
2025-07-14 20:00:00+00:00,2016018765.4544644
2025-07-15 00:00:00+00:00,1994163362.1753497
2025-07-15 08:00:00+00:00,1994163362.1753497
2025-07-15 20:00:00+00:00,2060575079.7210133
2025-07-17 00:00:00+00:00,2118041967.4610865
2025-07-30 04:00:00+00:00,2118041967.4610865
2025-07-30 12:00:00+00:00,2167527517.5995045
2025-07-31 00:00:00+00:00,2167527517.5995045
2025-07-31 12:00:00+00:00,2168545055.274394
2025-08-01 00:00:00+00:00,2168545055.274394
2025-08-01 04:00:00+00:00,2218227358.4126186
2025-08-03 00:00:00+00:00,2092086417.4909961
2025-08-06 04:00:00+00:00,2092086417.4909961
2025-08-06 12:00:00+00:00,2214296752.876253
2025-08-07 08:00:00+00:00,2214296752.876253
2025-08-07 12:00:00+00:00,2187878763.611246
2025-08-07 16:00:00+00:00,2187878763.611246
2025-08-07 20:00:00+00:00,2187878763.611246
2025-08-08 00:00:00+00:00,2160916448.7394686
2025-08-08 08:00:00+00:00,2160916448.7394686
2025-08-09 00:00:00+00:00,2137447756.9062788
2025-08-09 08:00:00+00:00,2113799458.2312496
2025-08-09 16:00:00+00:00,2113799458.2312496
2025-08-10 00:00:00+00:00,2112211730.6131854
2025-08-11 08:00:00+00:00,2112211730.6131854
2025-08-11 20:00:00+00:00,2112211730.6131854
2025-08-12 04:00:00+00:00,2111744097.389703
2025-08-12 12:00:00+00:00,2197067106.1474524
2025-08-14 08:00:00+00:00,2247587029.2104506
2025-08-14 12:00:00+00:00,2224356684.124315
2025-08-14 16:00:00+00:00,2197674413.5199018
2025-08-14 20:00:00+00:00,2149537478.789054
2025-08-19 04:00:00+00:00,2149537478.789054
2025-08-19 16:00:00+00:00,2052469864.5505254
2025-08-22 16:00:00+00:00,2052469864.5505254
2025-08-23 04:00:00+00:00,2052469864.5505254
2025-08-23 08:00:00+00:00,2063576414.4806914
2025-08-24 16:00:00+00:00,2066672351.7889712
2025-08-25 12:00:00+00:00,2066672351.7889712
2025-08-28 20:00:00+00:00,2066581941.3990324
2025-09-01 08:00:00+00:00,2066581941.3990324
2025-09-02 00:00:00+00:00,2081620948.7419271
2025-09-02 08:00:00+00:00,2081620948.7419271
2025-09-03 12:00:00+00:00,2096036534.1846724
2025-09-04 12:00:00+00:00,2096036534.1846724
2025-09-04 16:00:00+00:00,2069048153.322212
2025-09-04 20:00:00+00:00,2069048153.322212
2025-09-05 04:00:00+00:00,2041486752.016105
2025-09-07 20:00:00+00:00,2041486752.016105
2025-09-08 00:00:00+00:00,2013230610.0000286
2025-09-19 00:00:00+00:00,2071280702.2626534
2025-09-23 04:00:00+00:00,2071280702.2626534
2025-09-24 04:00:00+00:00,2071280702.2626534
2025-09-25 04:00:00+00:00,2191980688.867387
2025-09-25 08:00:00+00:00,2224756341.787297
2025-09-27 20:00:00+00:00,2224756341.787297
2025-09-29 12:00:00+00:00,2192748841.0681233
2025-09-30 12:00:00+00:00,2192748841.0681233
2025-09-30 16:00:00+00:00,2242825645.2707305
2025-10-01 20:00:00+00:00,2242825645.2707305
2025-10-02 00:00:00+00:00,2195767257.95115
2025-10-02 04:00:00+00:00,2195767257.95115
2025-10-02 08:00:00+00:00,2169914234.3196664
2025-10-03 04:00:00+00:00,2169914234.3196664
2025-10-03 08:00:00+00:00,2172346303.328207
2025-10-07 04:00:00+00:00,2172346303.328207
2025-10-07 08:00:00+00:00,2146268586.8412635
2025-10-09 08:00:00+00:00,2129102689.9823809
2025-10-10 20:00:00+00:00,2129102689.9823809
2025-10-11 00:00:00+00:00,2139379923.1172009
2025-10-11 04:00:00+00:00,3525137566.0957413
2025-10-11 20:00:00+00:00,3581834027.6342363
2025-10-14 12:00:00+00:00,3581834027.6342363
2025-10-14 16:00:00+00:00,3581834027.6342363
2025-10-15 08:00:00+00:00,3657873240.3874516
2025-10-16 00:00:00+00:00,3657873240.3874516
2025-10-16 04:00:00+00:00,3614864763.6061044
2025-10-16 12:00:00+00:00,3696800671.9621844
2025-10-17 20:00:00+00:00,3812188309.2441587
2025-10-21 12:00:00+00:00,3812188309.2441587
2025-10-22 04:00:00+00:00,3812188309.2441587
2025-10-22 12:00:00+00:00,3812188309.2441587
2025-10-23 04:00:00+00:00,3822161433.672075
2025-10-24 04:00:00+00:00,3851441967.329052
2025-10-24 20:00:00+00:00,3895351295.902057
2025-10-25 04:00:00+00:00,3851664302.5809245
2025-10-26 20:00:00+00:00,3851664302.5809245
2025-10-27 04:00:00+00:00,4022008177.3716807
2025-10-28 04:00:00+00:00,4022008177.3716807
2025-10-28 16:00:00+00:00,4048002383.0787816
2025-10-29 16:00:00+00:00,4048002383.0787816
2025-10-30 08:00:00+00:00,4145608817.0649905
2025-11-03 12:00:00+00:00,4145608817.0649905
2025-11-05 12:00:00+00:00,4218317870.153681
2025-11-10 20:00:00+00:00,4218317870.153681
2025-11-11 00:00:00+00:00,4218317870.153681
2025-11-11 16:00:00+00:00,4218317870.153681
2025-11-11 20:00:00+00:00,4167432762.5122147
2025-11-12 08:00:00+00:00,4167432762.5122147
2025-11-12 20:00:00+00:00,4211846386.2581487
2025-11-14 08:00:00+00:00,4302392662.667079
2025-11-15 16:00:00+00:00,4398923689.560896
2025-11-17 00:00:00+00:00,4398923689.560896
2025-11-17 08:00:00+00:00,4415880583.808772
2025-11-18 08:00:00+00:00,4415880583.808772
2025-11-21 16:00:00+00:00,4508641637.86585
2025-11-28 16:00:00+00:00,4508641637.86585
2025-11-28 20:00:00+00:00,4451470222.031164
2025-11-29 04:00:00+00:00,4451470222.031164
2025-11-29 12:00:00+00:00,4392644852.612375
2025-11-29 16:00:00+00:00,4398447742.331967
2025-11-30 12:00:00+00:00,4398447742.331967
2025-11-30 20:00:00+00:00,4516068527.287812
2025-12-03 04:00:00+00:00,4516068527.287812
2025-12-03 20:00:00+00:00,4571125377.633899
2025-12-04 16:00:00+00:00,4571125377.633899
2025-12-04 20:00:00+00:00,4515745126.340534
2025-12-05 16:00:00+00:00,4405275491.90678
2025-12-05 20:00:00+00:00,4697153083.130893
2025-12-08 12:00:00+00:00,4697153083.130893
2025-12-08 16:00:00+00:00,4697153083.130893
2025-12-09 08:00:00+00:00,4706907929.246627
2025-12-09 12:00:00+00:00,4706907929.246627
2025-12-09 16:00:00+00:00,4663807269.892069
2025-12-10 08:00:00+00:00,4663807269.892069
2025-12-10 20:00:00+00:00,4663807269.892069
2025-12-11 00:00:00+00:00,4558722692.53032
2025-12-11 04:00:00+00:00,4458508421.43086
2025-12-13 00:00:00+00:00,4455722750.452594
2025-12-18 08:00:00+00:00,4455722750.452594
2025-12-18 12:00:00+00:00,4455722750.452594
2025-12-20 08:00:00+00:00,4411492037.699165
2025-12-20 12:00:00+00:00,4398758647.516123
2025-12-21 20:00:00+00:00,4374369287.003313
2025-12-23 08:00:00+00:00,4374369287.003313
2025-12-23 16:00:00+00:00,4374369287.003313
2025-12-24 04:00:00+00:00,4374369287.003313
2025-12-25 08:00:00+00:00,4385931103.736476
2025-12-26 00:00:00+00:00,4328645129.49703
2025-12-27 00:00:00+00:00,4422942609.759986
2025-12-27 08:00:00+00:00,4354823747.93495
2025-12-27 20:00:00+00:00,4294828868.9633045
2025-12-29 00:00:00+00:00,4294828868.9633045
2025-12-29 04:00:00+00:00,4243271595.805835
2025-12-31 20:00:00+00:00,4243271595.805835
2026-01-01 08:00:00+00:00,4259914783.2897825
2026-01-01 16:00:00+00:00,4260475358.736095
2026-01-03 00:00:00+00:00,4260475358.736095
2026-01-03 04:00:00+00:00,4203832778.121189
2026-01-03 08:00:00+00:00,4203832778.121189
2026-01-03 16:00:00+00:00,4203832778.121189
2026-01-05 00:00:00+00:00,4516745632.383727
2026-01-05 04:00:00+00:00,4620606698.644988
2026-01-05 08:00:00+00:00,4685439245.963798
2026-01-05 16:00:00+00:00,4809626061.976285
2026-01-06 04:00:00+00:00,4809626061.976285
2026-01-06 08:00:00+00:00,4725544554.741454
2026-01-06 16:00:00+00:00,4749615501.546256
2026-01-07 00:00:00+00:00,4866872999.666672
2026-01-07 08:00:00+00:00,4866872999.666672
2026-01-07 12:00:00+00:00,4826209621.065356
2026-01-07 16:00:00+00:00,4826209621.065356
2026-01-08 04:00:00+00:00,4673225741.691464
2026-01-08 08:00:00+00:00,4625254797.1284485
2026-01-12 16:00:00+00:00,4625254797.1284485
2026-01-13 12:00:00+00:00,4869066663.390568
2026-01-14 04:00:00+00:00,4869066663.390568
2026-01-14 08:00:00+00:00,4869066663.390568
2026-01-14 12:00:00+00:00,4932761836.553524
2026-01-15 12:00:00+00:00,4932761836.553524
2026-01-15 16:00:00+00:00,4932761836.553524
2026-01-15 20:00:00+00:00,4932761836.553524
2026-01-16 04:00:00+00:00,4930960444.684541
2026-01-16 12:00:00+00:00,4943045677.453235
2026-01-17 12:00:00+00:00,4930968983.184244
2026-01-17 16:00:00+00:00,4926613501.088592
2026-01-17 20:00:00+00:00,4958243061.23536
2026-01-19 04:00:00+00:00,5089495859.225936
2026-01-20 20:00:00+00:00,5089495859.225936
2026-01-21 12:00:00+00:00,5132872274.9902
2026-01-21 20:00:00+00:00,5132872274.9902
2026-01-22 04:00:00+00:00,5132872274.9902
2026-01-22 08:00:00+00:00,5159778511.906126
2026-01-23 12:00:00+00:00,4784836114.661172
2026-01-27 20:00:00+00:00,4784836114.661172
2026-01-31 04:00:00+00:00,4893233514.985966
2026-02-02 12:00:00+00:00,4893233514.985966
2026-02-03 04:00:00+00:00,4905436421.242042
2026-02-05 00:00:00+00:00,4905436421.242042
2026-02-06 04:00:00+00:00,5165604363.12712
2026-02-23 08:00:00+00:00,5165604363.12712
2026-02-25 12:00:00+00:00,5099056970.862387
2026-02-27 16:00:00+00:00,5099056970.862387
2026-02-27 20:00:00+00:00,5032990193.4854355
2026-02-28 04:00:00+00:00,5032990193.4854355
2026-02-28 08:00:00+00:00,4977229675.726677
2026-03-03 12:00:00+00:00,4977229675.726677
2026-03-03 16:00:00+00:00,4984519449.953008
2026-03-03 20:00:00+00:00,5255412203.274576
2026-03-04 00:00:00+00:00,5265060538.174231
2026-03-04 04:00:00+00:00,5265060538.174231
2026-03-04 08:00:00+00:00,5202099183.417013
2026-03-04 20:00:00+00:00,5419944886.419967
2026-03-05 00:00:00+00:00,5419944886.419967
2026-03-05 08:00:00+00:00,5419944886.419967
2026-03-05 12:00:00+00:00,5309566953.860744
2026-03-05 16:00:00+00:00,5253118933.334686
2026-03-05 20:00:00+00:00,5253118933.334686
2026-03-06 00:00:00+00:00,5258912119.114653
2026-03-06 04:00:00+00:00,5203133857.67727
2026-03-06 12:00:00+00:00,5203133857.67727
2026-03-06 16:00:00+00:00,5106099380.027947
2026-03-08 12:00:00+00:00,5090839132.882541
2026-03-10 20:00:00+00:00,5090839132.882541
2026-03-11 00:00:00+00:00,4969681671.48602
2026-03-11 04:00:00+00:00,4976474788.953196
2026-03-11 12:00:00+00:00,4976474788.953196
2026-03-12 00:00:00+00:00,4976474788.953196
2026-03-13 12:00:00+00:00,5228533018.7489395
2026-03-14 00:00:00+00:00,5540604085.370023
2026-03-18 00:00:00+00:00,5540604085.370023
2026-03-18 08:00:00+00:00,5482002484.644046
2026-03-18 20:00:00+00:00,5482002484.644046
2026-03-20 20:00:00+00:00,5556003397.29735
2026-03-22 00:00:00+00:00,5556003397.29735
2026-03-23 08:00:00+00:00,5702503945.65133
2026-04-04 16:00:00+00:00,5702503945.65133
2026-04-06 12:00:00+00:00,5702503945.65133
2026-04-06 16:00:00+00:00,5666788550.067832
2026-04-07 04:00:00+00:00,5791679152.2637205
2026-04-08 00:00:00+00:00,5791679152.2637205
2026-04-08 08:00:00+00:00,5791679152.2637205
2026-04-08 12:00:00+00:00,5646838762.523664
2026-04-08 16:00:00+00:00,5646838762.523664
2026-04-08 20:00:00+00:00,5646838762.523664
2026-04-09 00:00:00+00:00,5576570145.349901
2026-04-09 04:00:00+00:00,5511319021.13071
2026-04-10 00:00:00+00:00,5515370209.357982
2026-04-10 04:00:00+00:00,5447197330.556096
2026-04-10 08:00:00+00:00,5441649046.5670185
2026-04-10 12:00:00+00:00,5568347003.422027
2026-04-10 16:00:00+00:00,5569799800.451535
2026-04-11 00:00:00+00:00,5596639702.799993
2026-04-12 00:00:00+00:00,5554496100.56997
2026-04-12 04:00:00+00:00,5487867142.595583
2026-04-14 12:00:00+00:00,5487867142.595583
2026-04-14 16:00:00+00:00,5417656240.673094
2026-04-15 16:00:00+00:00,5417656240.673094
2026-04-16 00:00:00+00:00,5559220277.222057
2026-04-16 12:00:00+00:00,5559220277.222057
2026-04-17 00:00:00+00:00,5691575117.370402
2026-04-17 08:00:00+00:00,5691575117.370402
2026-04-17 16:00:00+00:00,5880137679.73601
2026-04-18 00:00:00+00:00,5880137679.73601
2026-04-18 04:00:00+00:00,5811908302.012483
2026-04-18 08:00:00+00:00,5820078042.190128
2026-04-18 12:00:00+00:00,5820078042.190128
2026-04-18 16:00:00+00:00,5820078042.190128
2026-04-18 20:00:00+00:00,5820078042.190128
2026-04-19 00:00:00+00:00,5695777216.966525
2026-04-19 08:00:00+00:00,5685501996.522277
2026-04-19 20:00:00+00:00,5625720941.563135
2026-04-21 12:00:00+00:00,5625720941.563135
2026-04-21 20:00:00+00:00,5623170370.5913315
2026-04-23 12:00:00+00:00,5842077736.83525
2026-04-29 20:00:00+00:00,5842077736.83525
2026-04-30 12:00:00+00:00,5842077736.83525
2026-05-01 00:00:00+00:00,5758679997.535924
2026-05-01 12:00:00+00:00,5774429977.752239
2026-05-05 00:00:00+00:00,5774429977.752239
2026-05-05 04:00:00+00:00,5707453962.3877945
2026-05-06 00:00:00+00:00,5707453962.3877945
2026-05-06 12:00:00+00:00,5717831393.4065485
2026-05-06 20:00:00+00:00,5717831393.4065485
2026-05-07 00:00:00+00:00,5654674637.364756
2026-05-07 04:00:00+00:00,5765062801.951798
2026-05-07 16:00:00+00:00,5765062801.951798
2026-05-07 20:00:00+00:00,5765062801.951798
2026-05-08 12:00:00+00:00,5785872083.391617
2026-05-09 20:00:00+00:00,5831662842.290095
2026-05-10 16:00:00+00:00,5831662842.290095
2026-05-11 00:00:00+00:00,5843014119.364137
2026-05-15 12:00:00+00:00,6023635776.073065
2026-05-17 00:00:00+00:00,6023635776.073065
2026-05-17 20:00:00+00:00,5811702632.645359
2026-05-18 00:00:00+00:00,5811702632.645359
2026-05-18 04:00:00+00:00,5831393049.208802
2026-05-23 12:00:00+00:00,5831393049.208802
2026-05-23 20:00:00+00:00,5944959217.247905
2026-05-27 04:00:00+00:00,6027676739.461899
2026-06-02 12:00:00+00:00,6027676739.461899
2026-06-02 16:00:00+00:00,5894182481.924107
2026-06-15 12:00:00+00:00,5894182481.924107
2026-06-15 16:00:00+00:00,5810922422.512727
2026-06-16 04:00:00+00:00,5988080105.148743
2026-06-17 08:00:00+00:00,5988080105.148743
2026-06-17 12:00:00+00:00,6005505073.579414
2026-06-19 08:00:00+00:00,5978290293.858377
2026-06-22 20:00:00+00:00,5978290293.858377
2026-06-23 12:00:00+00:00,6107258984.694191
2026-06-27 20:00:00+00:00,6107258984.694191
2026-06-28 20:00:00+00:00,6107258984.694191
2026-06-29 00:00:00+00:00,6038318552.503418
2026-06-29 20:00:00+00:00,6251529485.536206
